{
  "best_epoch": 64,
  "best_metric_name": "mae",
  "best_checkpoint": "outputs/90-8-no2_train_20260414_080940/model/best_model.pt",
  "last_checkpoint": "outputs/90-8-no2_train_20260414_080940/model/last_checkpoint.pt",
  "best_val_loss": 0.3931984408206057,
  "best_val_mae": 7.765151023864746,
  "best_val_mad": 6.3046875,
  "best_val_final_mae": 7.765151023864746,
  "best_val_final_mad": 6.3046875,
  "best_val_relative_mae": 7.765151023864746,
  "best_val_relative_mad": 6.3046875,
  "test_loss": null,
  "test_mae": null,
  "test_mad": null,
  "test_final_mae": null,
  "test_final_mad": null,
  "test_relative_mae": null,
  "test_relative_mad": null,
  "val_relative_age_error_corr": -0.04198594833015408,
  "val_relative_age_error_slope": -0.020478495065556056,
  "test_relative_age_error_corr": null,
  "test_relative_age_error_slope": null,
  "val_r2": 0.9398744705704258,
  "test_r2": null,
  "val_sample_count": 713,
  "test_sample_count": 79,
  "test_note": "当前 test 集缺少 Boneage 真值列，因此无法计算 test loss/MAE/MAD，也无法生成 plots/test_scatter.png、plots/test_residual.png 和 plots/error_histogram_test.png。系统已自动改为输出 plots/test_prediction_histogram.png 与 test_prediction_summary.json。",
  "best_epoch_history": {
    "epoch": 64,
    "train_loss": 0.3571498639280517,
    "val_loss": 0.3931984408206057,
    "train_mae": 7.250111103057861,
    "val_mae": 7.765151023864746,
    "train_mad": 5.671875,
    "val_mad": 6.3046875,
    "train_final_mae": 7.250111103057861,
    "val_final_mae": 7.765151023864746,
    "train_final_mad": 5.671875,
    "val_final_mad": 6.3046875,
    "train_relative_mae": 7.250111103057861,
    "val_relative_mae": 7.765151023864746,
    "train_relative_mad": 5.671875,
    "val_relative_mad": 6.3046875,
    "lr_start": 0.00015983707446326985,
    "lr_end": 0.00015730475062605522,
    "eval_ran": 1.0,
    "epoch_time_seconds": 242.42212285200003,
    "total_elapsed_seconds": 15473.266756499,
    "best_updated": 1.0
  }
}