{
  "best_epoch": 27,
  "best_metric_name": "mae",
  "best_checkpoint": "outputs/ablation_innovation_03_wo_cbam_train_20260424_074631/model/best_model.pt",
  "last_checkpoint": "outputs/ablation_innovation_03_wo_cbam_train_20260424_074631/model/last_checkpoint.pt",
  "best_val_loss": 0.5401373681981968,
  "best_val_mae": 9.804134368896484,
  "best_val_mad": 7.80078125,
  "best_val_final_mae": 9.804134368896484,
  "best_val_final_mad": 7.80078125,
  "best_val_relative_mae": 9.804134368896484,
  "best_val_relative_mad": 7.80078125,
  "test_loss": null,
  "test_mae": null,
  "test_mad": null,
  "test_final_mae": null,
  "test_final_mad": null,
  "test_relative_mae": null,
  "test_relative_mad": null,
  "val_relative_age_error_corr": 0.13084670434341228,
  "val_relative_age_error_slope": 0.07860819106292392,
  "test_relative_age_error_corr": null,
  "test_relative_age_error_slope": null,
  "val_r2": 0.9060834626630345,
  "test_r2": null,
  "val_sample_count": 713,
  "test_sample_count": 79,
  "test_note": "当前 test 集缺少 Boneage 真值列，因此无法计算 test loss/MAE/MAD，也无法生成 plots/test_scatter.png、plots/test_residual.png 和 plots/error_histogram_test.png。系统已自动改为输出 plots/test_prediction_histogram.png 与 test_prediction_summary.json。",
  "best_epoch_history": {
    "epoch": 27,
    "train_loss": 0.506360353792415,
    "val_loss": 0.5401373681981968,
    "train_mae": 9.330696105957031,
    "val_mae": 9.804134368896484,
    "train_mad": 7.30078125,
    "val_mad": 7.80078125,
    "train_final_mae": 9.330696105957031,
    "val_final_mae": 9.804134368896484,
    "train_final_mad": 7.30078125,
    "val_final_mad": 7.80078125,
    "train_relative_mae": 9.330696105957031,
    "val_relative_mae": 9.804134368896484,
    "train_relative_mad": 7.30078125,
    "val_relative_mad": 7.80078125,
    "lr_start": 0.00023423654125511503,
    "lr_end": 0.0002329275692270518,
    "eval_ran": 1.0,
    "epoch_time_seconds": 227.47471827700065,
    "total_elapsed_seconds": 6224.515731518,
    "best_updated": 1.0
  }
}