{
  "best_epoch": 85,
  "best_metric_name": "mae",
  "best_checkpoint": "outputs/rhpe_boneage_bonet_master_like_train_20260412_143827/model/best_model.pt",
  "last_checkpoint": "outputs/rhpe_boneage_bonet_master_like_train_20260412_143827/model/last_checkpoint.pt",
  "best_val_loss": 0.19713006539565484,
  "best_val_mae": 8.182477951049805,
  "best_val_mad": 6.298469543457031,
  "best_val_final_mae": 8.182477951049805,
  "best_val_final_mad": 6.298469543457031,
  "best_val_relative_mae": 8.182477951049805,
  "best_val_relative_mad": 6.298469543457031,
  "test_loss": null,
  "test_mae": null,
  "test_mad": null,
  "test_final_mae": null,
  "test_final_mad": null,
  "test_relative_mae": null,
  "test_relative_mad": null,
  "val_relative_age_error_corr": -0.10607415789006239,
  "val_relative_age_error_slope": -0.0560653755408684,
  "test_relative_age_error_corr": null,
  "test_relative_age_error_slope": null,
  "val_r2": 0.9316350920087987,
  "test_r2": null,
  "val_sample_count": 713,
  "test_sample_count": 79,
  "test_note": "当前 test 集缺少 Boneage 真值列，因此无法计算 test loss/MAE/MAD，也无法生成 plots/test_scatter.png、plots/test_residual.png 和 plots/error_histogram_test.png。系统已自动改为输出 plots/test_prediction_histogram.png 与 test_prediction_summary.json。",
  "best_epoch_history": {
    "epoch": 85,
    "train_loss": 0.208694359797464,
    "val_loss": 0.19713006539565484,
    "train_mae": 8.66248893737793,
    "val_mae": 8.182477951049805,
    "train_mad": 6.8609771728515625,
    "val_mad": 6.298469543457031,
    "train_final_mae": 8.66248893737793,
    "val_final_mae": 8.182477951049805,
    "train_final_mad": 6.8609771728515625,
    "val_final_mad": 6.298469543457031,
    "train_relative_mae": 8.66248893737793,
    "val_relative_mae": 8.182477951049805,
    "train_relative_mad": 6.8609771728515625,
    "val_relative_mad": 6.298469543457031,
    "lr_start": 1e-05,
    "lr_end": 1e-05,
    "eval_ran": 1.0,
    "epoch_time_seconds": 135.68305136799972,
    "total_elapsed_seconds": 11603.99686631,
    "best_updated": 1.0
  }
}