{
  "best_epoch": 63,
  "best_metric_name": "mad",
  "best_checkpoint": "outputs/rhpe_boneage_simba_like_train_20260412_180421/model/best_model.pt",
  "last_checkpoint": "outputs/rhpe_boneage_simba_like_train_20260412_180421/model/last_checkpoint.pt",
  "best_val_loss": 0.76539574418776,
  "best_val_mae": 9.971221923828125,
  "best_val_mad": 7.6779022216796875,
  "best_val_final_mae": 9.971221923828125,
  "best_val_final_mad": 7.6779022216796875,
  "best_val_relative_mae": 9.971221923828125,
  "best_val_relative_mad": 7.677907943725586,
  "test_loss": null,
  "test_mae": null,
  "test_mad": null,
  "test_final_mae": null,
  "test_final_mad": null,
  "test_relative_mae": null,
  "test_relative_mad": null,
  "val_relative_age_error_corr": 0.07616833134085291,
  "val_relative_age_error_slope": 0.046019820448285245,
  "test_relative_age_error_corr": null,
  "test_relative_age_error_slope": null,
  "val_r2": 0.903728287852605,
  "test_r2": null,
  "val_sample_count": 713,
  "test_sample_count": 79,
  "test_note": "当前 test 集缺少 Boneage 真值列，因此无法计算 test loss/MAE/MAD，也无法生成 plots/test_scatter.png、plots/test_residual.png 和 plots/error_histogram_test.png。系统已自动改为输出 plots/test_prediction_histogram.png 与 test_prediction_summary.json。",
  "best_epoch_history": {
    "epoch": 63,
    "train_loss": 0.7281947398886961,
    "val_loss": 0.76539574418776,
    "train_mae": 9.486584663391113,
    "val_mae": 9.971221923828125,
    "train_mad": 7.3859405517578125,
    "val_mad": 7.6779022216796875,
    "train_final_mae": 9.486584663391113,
    "val_final_mae": 9.971221923828125,
    "train_final_mad": 7.3859405517578125,
    "val_final_mad": 7.6779022216796875,
    "train_relative_mae": 9.486584663391113,
    "val_relative_mae": 9.971221923828125,
    "train_relative_mad": 7.385941982269287,
    "val_relative_mad": 7.677907943725586,
    "lr_start": 0.00020971520000000012,
    "lr_end": 0.00020971520000000012,
    "eval_ran": 1.0,
    "epoch_time_seconds": 134.91387972200027,
    "total_elapsed_seconds": 8517.705699570004,
    "best_updated": 1.0
  }
}