{
  "best_epoch": 134,
  "best_metric_name": "mae",
  "best_checkpoint": "outputs/ablation_innovation_04_wo_local_branch_train_20260424_104008/model/best_model.pt",
  "last_checkpoint": "outputs/ablation_innovation_04_wo_local_branch_train_20260424_104008/model/last_checkpoint.pt",
  "best_val_loss": 0.3772673950456135,
  "best_val_mae": 7.576018333435059,
  "best_val_mad": 6.25390625,
  "best_val_final_mae": 7.576018333435059,
  "best_val_final_mad": 6.25390625,
  "best_val_relative_mae": 7.576018333435059,
  "best_val_relative_mad": 6.25390625,
  "test_loss": null,
  "test_mae": null,
  "test_mad": null,
  "test_final_mae": null,
  "test_final_mad": null,
  "test_relative_mae": null,
  "test_relative_mad": null,
  "val_relative_age_error_corr": -0.04105415253665654,
  "val_relative_age_error_slope": -0.019200743615468502,
  "test_relative_age_error_corr": null,
  "test_relative_age_error_slope": null,
  "val_r2": 0.9435805310342718,
  "test_r2": null,
  "val_sample_count": 713,
  "test_sample_count": 79,
  "test_note": "当前 test 集缺少 Boneage 真值列，因此无法计算 test loss/MAE/MAD，也无法生成 plots/test_scatter.png、plots/test_residual.png 和 plots/error_histogram_test.png。系统已自动改为输出 plots/test_prediction_histogram.png 与 test_prediction_summary.json。",
  "best_epoch_history": {
    "epoch": 134,
    "train_loss": 0.2832047107918322,
    "val_loss": 0.3796639836185611,
    "train_mae": 6.131023406982422,
    "val_mae": 7.571151256561279,
    "train_mad": 4.65234375,
    "val_mad": 6.1953125,
    "train_final_mae": 6.131023406982422,
    "val_final_mae": 7.571151256561279,
    "train_final_mad": 4.65234375,
    "val_final_mad": 6.1953125,
    "train_relative_mae": 6.131023406982422,
    "val_relative_mae": 7.571151256561279,
    "train_relative_mad": 4.65234375,
    "val_relative_mad": 6.1953125,
    "lr_start": 1.209210847049716e-05,
    "lr_end": 1.1240670991193093e-05,
    "eval_ran": 1.0,
    "epoch_time_seconds": 235.8313927800009,
    "total_elapsed_seconds": 31825.419723966,
    "best_updated": 0.0
  }
}