{
  "best_epoch": 6,
  "best_metric_name": "mae",
  "best_checkpoint": "outputs/150-8-no2-90-nob1_train_20260420_073123/model/best_model.pt",
  "last_checkpoint": "outputs/150-8-no2-90-nob1_train_20260420_073123/model/last_checkpoint.pt",
  "best_val_loss": 0.5868941144220959,
  "best_val_mae": 10.457180976867676,
  "best_val_mad": 8.1162109375,
  "best_val_final_mae": 10.457180976867676,
  "best_val_final_mad": 8.1162109375,
  "best_val_relative_mae": 10.457180976867676,
  "best_val_relative_mad": 8.1162109375,
  "test_loss": null,
  "test_mae": null,
  "test_mad": null,
  "test_final_mae": null,
  "test_final_mad": null,
  "test_relative_mae": null,
  "test_relative_mad": null,
  "val_relative_age_error_corr": 0.09244349093692425,
  "val_relative_age_error_slope": 0.05834748791386034,
  "test_relative_age_error_corr": null,
  "test_relative_age_error_slope": null,
  "val_r2": 0.8944440195351087,
  "test_r2": null,
  "val_sample_count": 713,
  "test_sample_count": 79,
  "test_note": "当前 test 集缺少 Boneage 真值列，因此无法计算 test loss/MAE/MAD，也无法生成 plots/test_scatter.png、plots/test_residual.png 和 plots/error_histogram_test.png。系统已自动改为输出 plots/test_prediction_histogram.png 与 test_prediction_summary.json。",
  "best_epoch_history": {
    "epoch": 6,
    "train_loss": 0.5521654976758121,
    "val_loss": 0.5868553596994152,
    "train_mae": 9.95235824584961,
    "val_mae": 10.456796646118164,
    "train_mad": 7.9306640625,
    "val_mad": 8.1220703125,
    "train_final_mae": 9.95235824584961,
    "val_final_mae": 10.456796646118164,
    "train_final_mad": 7.9306640625,
    "val_final_mad": 8.1220703125,
    "train_relative_mae": 9.95235824584961,
    "val_relative_mae": 10.456796646118164,
    "train_relative_mad": 7.9306640625,
    "val_relative_mad": 8.1220703125,
    "lr_start": 0.000249281899751409,
    "lr_end": 0.00024872434827806554,
    "eval_ran": 1.0,
    "epoch_time_seconds": 216.85682366600008,
    "total_elapsed_seconds": 1402.393617426,
    "best_updated": 0.0
  }
}