{
  "best_epoch": 86,
  "best_metric_name": "mae",
  "best_checkpoint": "outputs/90-8-no1-SIMBA_like_train_20260410_190034/model/best_model.pt",
  "last_checkpoint": "outputs/90-8-no1-SIMBA_like_train_20260410_190034/model/last_checkpoint.pt",
  "best_val_loss": 0.5367748884465885,
  "best_val_mae": 9.740256309509277,
  "best_val_mad": 7.86328125,
  "best_val_final_mae": 9.740256309509277,
  "best_val_final_mad": 7.86328125,
  "best_val_relative_mae": 9.740256309509277,
  "best_val_relative_mad": 7.86328125,
  "test_loss": null,
  "test_mae": null,
  "test_mad": null,
  "test_final_mae": null,
  "test_final_mad": null,
  "test_relative_mae": null,
  "test_relative_mad": null,
  "val_relative_age_error_corr": 0.13562701472052208,
  "val_relative_age_error_slope": 0.08135180720251024,
  "test_relative_age_error_corr": null,
  "test_relative_age_error_slope": null,
  "val_r2": 0.9069288445423316,
  "test_r2": null,
  "val_sample_count": 713,
  "test_sample_count": 79,
  "test_note": "当前 test 集缺少 Boneage 真值列，因此无法计算 test loss/MAE/MAD，也无法生成 plots/test_scatter.png、plots/test_residual.png 和 plots/error_histogram_test.png。系统已自动改为输出 plots/test_prediction_histogram.png 与 test_prediction_summary.json。",
  "best_epoch_history": {
    "epoch": 86,
    "train_loss": 0.5066472112947942,
    "val_loss": 0.5367748884465885,
    "train_mae": 9.336406707763672,
    "val_mae": 9.740256309509277,
    "train_mad": 7.2099609375,
    "val_mad": 7.86328125,
    "train_final_mae": 9.336406707763672,
    "val_final_mae": 9.740256309509277,
    "train_final_mad": 7.2099609375,
    "val_final_mad": 7.86328125,
    "train_relative_mae": 9.336406707763672,
    "val_relative_mae": 9.740256309509277,
    "train_relative_mad": 7.2099609375,
    "val_relative_mad": 7.86328125,
    "lr_start": 6.275651721934426e-06,
    "lr_end": 5.71810024859095e-06,
    "eval_ran": 1.0,
    "epoch_time_seconds": 329.4044556640001,
    "total_elapsed_seconds": 30044.478453017007,
    "best_updated": 1.0
  }
}