{
  "best_epoch": 13,
  "best_metric_name": "mae",
  "best_checkpoint": "outputs/ablation_innovation_01_wo_efficientnet_b0_train_20260427_134245/model/best_model.pt",
  "last_checkpoint": "outputs/ablation_innovation_01_wo_efficientnet_b0_train_20260427_134245/model/last_checkpoint.pt",
  "best_val_loss": 0.5862663487732661,
  "best_val_mae": 10.448508262634277,
  "best_val_mad": 8.2666015625,
  "best_val_final_mae": 10.448508262634277,
  "best_val_final_mad": 8.2666015625,
  "best_val_relative_mae": 10.448508262634277,
  "best_val_relative_mad": 8.2666015625,
  "test_loss": null,
  "test_mae": null,
  "test_mad": null,
  "test_final_mae": null,
  "test_final_mad": null,
  "test_relative_mae": null,
  "test_relative_mad": null,
  "val_relative_age_error_corr": 0.10768728019735976,
  "val_relative_age_error_slope": 0.068054551089745,
  "test_relative_age_error_corr": null,
  "test_relative_age_error_slope": null,
  "val_r2": 0.8944435303089572,
  "test_r2": null,
  "val_sample_count": 713,
  "test_sample_count": 79,
  "test_note": "当前 test 集缺少 Boneage 真值列，因此无法计算 test loss/MAE/MAD，也无法生成 plots/test_scatter.png、plots/test_residual.png 和 plots/error_histogram_test.png。系统已自动改为输出 plots/test_prediction_histogram.png 与 test_prediction_summary.json。",
  "best_epoch_history": {
    "epoch": 13,
    "train_loss": 0.5519864201732964,
    "val_loss": 0.5862342490387498,
    "train_mae": 9.951605796813965,
    "val_mae": 10.447811126708984,
    "train_mad": 7.81640625,
    "val_mad": 8.28125,
    "train_final_mae": 9.951605796813965,
    "val_final_mae": 10.447811126708984,
    "train_final_mad": 7.81640625,
    "val_final_mad": 8.28125,
    "train_relative_mae": 9.951605796813965,
    "val_relative_mae": 10.447811126708984,
    "train_relative_mad": 7.81640625,
    "val_relative_mad": 8.28125,
    "lr_start": 0.00024721312456641657,
    "lr_end": 0.0002466305772100019,
    "eval_ran": 1.0,
    "epoch_time_seconds": 266.988029008,
    "total_elapsed_seconds": 3476.4850695210007,
    "best_updated": 0.0
  }
}