{
  "best_epoch": 3,
  "best_metric_name": "mae",
  "best_checkpoint": "outputs/ablation_innovation_01_wo_efficientnet_b0_train_20260422_201325/model/best_model.pt",
  "last_checkpoint": "outputs/ablation_innovation_01_wo_efficientnet_b0_train_20260422_201325/model/last_checkpoint.pt",
  "best_val_loss": 0.5868881633204799,
  "best_val_mae": 10.457172393798828,
  "best_val_mad": 8.1162109375,
  "best_val_final_mae": 10.457172393798828,
  "best_val_final_mad": 8.1162109375,
  "best_val_relative_mae": 10.457172393798828,
  "best_val_relative_mad": 8.1162109375,
  "test_loss": null,
  "test_mae": null,
  "test_mad": null,
  "test_final_mae": null,
  "test_final_mad": null,
  "test_relative_mae": null,
  "test_relative_mad": null,
  "val_relative_age_error_corr": 0.09248557387419319,
  "val_relative_age_error_slope": 0.05837321662651678,
  "test_relative_age_error_corr": null,
  "test_relative_age_error_slope": null,
  "val_r2": 0.8944453173756994,
  "test_r2": null,
  "val_sample_count": 713,
  "test_sample_count": 79,
  "test_note": "当前 test 集缺少 Boneage 真值列，因此无法计算 test loss/MAE/MAD，也无法生成 plots/test_scatter.png、plots/test_residual.png 和 plots/error_histogram_test.png。系统已自动改为输出 plots/test_prediction_histogram.png 与 test_prediction_summary.json。",
  "best_epoch_history": {
    "epoch": 3,
    "train_loss": 0.5522298850858609,
    "val_loss": 0.5868434019877901,
    "train_mae": 9.95383358001709,
    "val_mae": 10.456681251525879,
    "train_mad": 7.8759765625,
    "val_mad": 8.12109375,
    "train_final_mae": 9.95383358001709,
    "val_final_mae": 10.456681251525879,
    "train_final_mad": 7.8759765625,
    "val_final_mad": 8.12109375,
    "train_relative_mae": 9.95383358001709,
    "val_relative_mae": 10.456681251525879,
    "train_relative_mad": 7.8759765625,
    "val_relative_mad": 8.12109375,
    "lr_start": 0.00025,
    "lr_end": 0.00024997202599558773,
    "eval_ran": 1.0,
    "epoch_time_seconds": 232.23465942799885,
    "total_elapsed_seconds": 804.447007251998,
    "best_updated": 0.0
  }
}